model,delta_ap,delta_ap50,delta_ap75
YOLO,-0.09736828411193132,-0.10618750218658568,-0.1069689891392917
Faster R-CNN,0.11643700031927673,0.1619947617944894,0.15475174962113197
