model,phase,ap,ap50,ap75
YOLO,before,0.46074095925170183,0.6267412850299771,0.4963372205098144
YOLO,after,0.3633726751397705,0.5205537828433914,0.3893682313705227
Faster R-CNN,before,0.11061270748031937,0.24481489824884334,0.07978975331211947
Faster R-CNN,after,0.2270497077995961,0.40680966004333274,0.23454150293325146
